34;12;14;24;36;23;"Sonntag"
34;38;42;39;9;5;"Sonntag"
18;4;40;36;47;34;"Sonntag"
43;31;39;32;4;34;"Sonntag"
36;34;35;11;33;17;"Sonntag"
48;12;19;17;34;23;"Sonntag"
5;34;33;14;6;40;"Sonntag"
29;36;7;34;49;14;"Sonntag"
12;6;39;30;43;34;"Sonntag"
36;9;34;4;11;45;"Sonntag"
21;38;14;44;34;30;"Sonntag"
41;44;40;34;28;30;"Sonntag"
9;25;34;20;1;27;"Sonntag"
24;37;19;28;34;12;"Sonntag"
20;24;49;34;8;22;"Sonntag"
46;14;34;45;47;36;"Sonntag"
30;32;12;34;14;3;"Sonntag"
34;46;4;48;38;39;"Sonntag"
30;38;46;28;22;34;"Sonntag"
49;26;18;34;41;21;"Sonntag"
34;8;32;46;48;9;"Sonntag"
14;9;22;36;26;34;"Sonntag"
33;30;6;34;21;36;"Sonntag"
41;46;2;13;34;27;"Sonntag"
49;26;19;34;5;43;"Sonntag"
34;42;3;4;43;21;"Sonntag"
31;30;14;48;34;38;"Sonntag"
39;34;6;5;17;31;"Sonntag"
4;34;3;5;14;49;"Sonntag"
34;44;25;48;6;2;"Sonntag"
10;24;34;27;15;31;"Sonntag"
23;4;49;34;21;17;"Sonntag"
43;34;27;13;48;35;"Sonntag"
34;12;23;24;32;26;"Sonntag"
48;41;34;32;2;40;"Sonntag"
27;39;18;22;3;34;"Sonntag"
47;5;34;9;22;21;"Sonntag"
25;48;33;34;31;9;"Sonntag"
48;45;21;27;34;49;"Sonntag"
40;34;3;4;10;47;"Sonntag"
23;13;34;25;2;27;"Sonntag"
40;14;34;22;38;48;"Sonntag"
28;46;36;34;43;48;"Sonntag"
5;21;4;10;34;11;"Sonntag"
31;28;46;34;42;37;"Sonntag"
26;7;30;40;38;34;"Sonntag"
26;23;30;34;44;48;"Sonntag"
32;19;34;18;43;35;"Sonntag"
34;23;17;5;33;38;"Sonntag"
34;42;38;16;40;43;"Sonntag"
28;32;48;6;47;34;"Sonntag"
32;48;34;19;11;12;"Sonntag"
6;34;31;43;11;13;"Sonntag"
31;34;41;44;37;48;"Sonntag"
16;36;45;40;34;47;"Sonntag"
41;16;38;36;34;9;"Sonntag"
36;41;38;43;45;34;"Sonntag"
2;46;42;34;23;38;"Sonntag"
1;34;17;44;33;6;"Sonntag"
29;34;32;42;26;10;"Sonntag"
3;49;4;19;43;34;"Sonntag"
13;37;36;9;34;16;"Sonntag"
46;34;15;28;6;27;"Sonntag"
34;45;49;23;10;31;"Sonntag"
11;34;33;38;17;2;"Samstag"
24;12;22;32;15;34;"Samstag"
42;46;34;33;19;41;"Samstag"
34;29;9;24;30;45;"Samstag"
46;28;30;44;34;29;"Samstag"
34;39;8;43;35;21;"Samstag"
17;18;21;24;33;34;"Samstag"
34;27;3;40;24;23;"Samstag"
34;16;28;27;49;21;"Samstag"
34;13;28;33;31;35;"Samstag"
29;5;45;34;8;49;"Samstag"
11;7;34;42;26;8;"Samstag"
48;21;31;24;14;34;"Samstag"
48;34;44;12;22;11;"Samstag"
43;5;34;20;29;18;"Samstag"
45;1;20;13;30;34;"Samstag"
8;9;3;38;34;13;"Samstag"
14;15;34;11;49;19;"Samstag"
23;11;44;34;6;48;"Samstag"
21;47;40;48;43;34;"Samstag"
34;47;21;17;38;45;"Samstag"
8;35;2;38;3;34;"Samstag"
43;9;19;8;24;34;"Samstag"
2;49;34;40;45;23;"Samstag"
34;21;48;49;25;14;"Samstag"
32;34;46;44;14;11;"Samstag"
34;41;9;22;45;38;"Samstag"
34;18;2;11;46;14;"Samstag"
46;4;34;41;27;29;"Samstag"
39;34;7;44;2;43;"Samstag"
41;23;33;34;16;14;"Samstag"
10;14;34;27;7;42;"Samstag"
21;32;34;49;42;45;"Samstag"
6;48;34;22;35;49;"Samstag"
21;4;36;41;34;37;"Samstag"
31;10;25;1;19;34;"Samstag"
25;11;37;34;10;22;"Samstag"
45;6;17;34;1;3;"Samstag"
49;6;31;34;42;44;"Samstag"
29;14;42;3;34;6;"Samstag"
35;34;2;21;41;31;"Samstag"
26;34;43;17;32;22;"Samstag"
34;25;8;28;39;13;"Samstag"
2;27;34;36;14;30;"Samstag"
43;25;17;42;39;34;"Samstag"
49;34;39;21;20;42;"Samstag"
39;6;22;34;20;10;"Samstag"
47;1;42;48;34;3;"Samstag"
45;25;34;9;8;26;"Samstag"
35;41;45;29;34;7;"Samstag"
46;19;39;37;6;34;"Samstag"
17;27;11;45;34;20;"Samstag"
21;32;3;16;39;34;"Samstag"
49;40;18;34;28;4;"Samstag"
23;31;6;34;40;25;"Samstag"
3;32;27;34;33;16;"Samstag"
24;4;29;43;34;32;"Samstag"
23;41;34;7;2;47;"Samstag"
47;2;33;1;23;34;"Samstag"
34;49;37;2;44;20;"Samstag"
40;34;49;9;39;10;"Samstag"
18;47;5;3;17;34;"Samstag"
8;15;1;27;12;34;"Samstag"
34;11;47;18;20;27;"Samstag"
21;20;30;9;10;34;"Samstag"
28;34;49;31;35;8;"Samstag"
18;29;33;16;48;34;"Samstag"
7;27;24;34;31;44;"Samstag"
34;10;25;36;18;26;"Samstag"
35;49;34;7;47;11;"Samstag"
16;3;5;9;41;34;"Samstag"
42;34;43;26;32;21;"Samstag"
7;36;34;33;22;45;"Samstag"
33;34;2;20;16;15;"Samstag"
35;34;8;13;32;22;"Samstag"
17;34;30;35;25;41;"Samstag"
25;33;13;15;34;17;"Samstag"
22;38;34;25;23;24;"Samstag"
28;32;15;34;40;8;"Samstag"
36;34;32;14;41;17;"Samstag"
39;8;34;41;47;3;"Samstag"
34;19;46;29;32;27;"Samstag"
34;37;12;41;19;11;"Samstag"
34;28;46;23;38;29;"Samstag"
31;4;48;47;34;12;"Samstag"
34;33;20;45;17;22;"Samstag"
7;35;30;2;42;34;"Samstag"
34;43;36;10;7;23;"Samstag"
4;44;7;9;34;40;"Samstag"
15;41;34;42;25;30;"Samstag"
2;36;12;34;48;14;"Samstag"
25;27;45;49;28;34;"Samstag"
30;33;15;1;34;2;"Samstag"
2;34;15;24;37;21;"Samstag"
19;48;34;21;25;8;"Samstag"
18;28;19;34;38;21;"Samstag"
6;34;39;35;17;21;"Samstag"
28;10;30;35;34;1;"Samstag"
18;2;38;36;34;44;"Samstag"
4;34;37;24;2;42;"Samstag"
37;48;22;34;9;45;"Samstag"
30;12;34;39;32;4;"Samstag"
24;34;8;27;2;14;"Samstag"
25;34;8;49;41;2;"Samstag"
35;1;27;21;41;34;"Samstag"
47;36;15;34;29;12;"Samstag"
33;34;32;19;40;49;"Samstag"
21;34;27;10;40;37;"Samstag"
38;39;29;34;1;20;"Samstag"
6;15;27;7;34;20;"Samstag"
42;7;34;5;46;1;"Samstag"
40;28;19;13;34;22;"Samstag"
35;14;34;7;33;45;"Samstag"
34;5;48;3;7;16;"Samstag"
35;15;12;49;10;34;"Samstag"
42;24;9;34;2;5;"Samstag"
10;23;40;34;30;22;"Samstag"
8;38;17;43;14;34;"Samstag"
32;34;18;23;26;45;"Samstag"
15;20;34;41;17;11;"Samstag"
28;25;21;15;7;34;"Samstag"
15;28;33;32;34;14;"Samstag"
32;34;22;40;1;8;"Samstag"
34;42;17;22;6;4;"Samstag"
43;33;12;27;47;34;"Samstag"
2;10;42;34;44;23;"Samstag"
19;38;43;34;20;22;"Samstag"
8;5;34;28;11;19;"Samstag"
20;47;12;27;34;36;"Samstag"
17;21;15;34;10;38;"Samstag"
48;34;47;49;39;35;"Samstag"
31;4;22;34;9;16;"Samstag"
6;10;16;8;21;34;"Samstag"
21;34;24;3;25;32;"Samstag"
7;36;48;34;46;4;"Samstag"
4;28;9;34;23;24;"Samstag"
11;49;35;34;1;26;"Samstag"
37;34;18;2;10;22;"Samstag"
20;27;34;43;24;47;"Samstag"
20;11;34;39;24;9;"Samstag"
43;46;15;24;34;25;"Samstag"
49;34;25;17;14;15;"Samstag"
34;13;49;42;18;6;"Samstag"
47;9;19;34;26;43;"Samstag"
34;49;4;31;38;8;"Samstag"
46;35;34;24;14;43;"Samstag"
34;28;26;1;48;25;"Samstag"
32;44;49;48;34;45;"Samstag"
24;39;38;4;34;33;"Samstag"
5;46;24;34;14;48;"Samstag"
46;17;18;48;19;34;"Samstag"
40;34;7;38;18;49;"Samstag"
37;10;34;41;40;7;"Samstag"
21;12;49;44;34;10;"Samstag"
34;49;26;15;18;17;"Samstag"
34;6;30;13;2;1;"Samstag"
43;22;10;34;18;35;"Samstag"
6;34;39;30;25;27;"Samstag"
34;49;5;27;35;37;"Samstag"
6;14;20;34;46;12;"Samstag"
18;34;32;22;29;44;"Samstag"
5;10;34;29;18;21;"Samstag"
40;16;17;2;34;39;"Samstag"
42;18;34;3;45;37;"Samstag"
47;37;3;34;26;6;"Samstag"
34;16;28;30;48;1;"Samstag"
44;3;46;5;34;25;"Samstag"
36;48;41;34;47;26;"Samstag"
9;38;35;3;34;20;"Samstag"
17;12;34;11;23;41;"Samstag"
6;2;13;26;32;34;"Samstag"
46;49;18;1;34;29;"Samstag"
39;30;8;34;35;29;"Samstag"
3;7;34;24;1;43;"Samstag"
27;47;38;34;16;30;"Samstag"
11;34;40;43;15;16;"Samstag"
40;15;13;34;1;49;"Samstag"
14;35;34;39;19;42;"Samstag"
40;38;48;18;32;34;"Samstag"
15;35;32;21;5;34;"Samstag"
20;14;8;27;6;34;"Samstag"
9;49;34;14;38;13;"Samstag"
34;10;17;38;33;28;"Samstag"
24;19;20;11;1;34;"Samstag"
36;4;29;18;25;34;"Samstag"
31;12;49;35;30;34;"Samstag"
34;27;49;31;35;28;"Samstag"
24;35;30;34;17;19;"Samstag"
35;14;34;1;36;19;"Samstag"
27;34;5;35;22;3;"Samstag"
25;7;12;5;49;34;"Samstag"
45;21;34;41;19;30;"Samstag"
9;38;16;34;4;40;"Samstag"
46;13;21;34;19;36;"Mittwoch"
41;39;42;44;34;32;"Samstag"
2;34;25;26;48;31;"Mittwoch"
41;9;34;43;46;42;"Samstag"
15;11;34;1;10;9;"Samstag"
8;35;13;23;39;34;"Samstag"
42;8;26;34;9;47;"Mittwoch"
34;17;41;6;20;15;"Mittwoch"
43;2;17;34;37;31;"Mittwoch"
12;11;34;45;31;44;"Mittwoch"
32;34;41;9;30;48;"Mittwoch"
14;34;24;28;22;2;"Samstag"
34;22;16;28;6;35;"Mittwoch"
42;34;35;7;23;37;"Mittwoch"
14;46;44;34;43;25;"Mittwoch"
13;46;21;35;25;34;"Mittwoch"
38;21;32;31;46;34;"Mittwoch"
6;45;25;34;33;18;"Mittwoch"
3;43;34;4;47;13;"Mittwoch"
38;32;39;34;47;49;"Samstag"
23;13;27;34;26;46;"Mittwoch"
43;38;9;44;34;15;"Samstag"
11;38;6;28;34;46;"Samstag"
3;34;24;36;11;31;"Samstag"
26;40;34;16;12;4;"Mittwoch"
26;9;10;31;34;13;"Samstag"
41;15;34;26;22;9;"Mittwoch"
3;27;25;19;34;16;"Samstag"
13;22;36;37;34;44;"Mittwoch"
38;44;29;34;27;41;"Mittwoch"
31;34;37;19;7;42;"Mittwoch"
42;28;21;43;34;1;"Samstag"
43;30;16;34;15;41;"Samstag"
49;7;34;25;31;30;"Mittwoch"
30;17;34;5;7;44;"Samstag"
26;19;47;8;6;34;"Mittwoch"
32;44;16;34;43;12;"Samstag"
34;24;6;40;8;9;"Samstag"
25;34;17;14;49;6;"Mittwoch"
23;24;43;19;34;40;"Mittwoch"
7;33;6;37;19;34;"Mittwoch"
27;32;34;40;14;13;"Samstag"
42;5;4;8;35;34;"Mittwoch"
11;32;3;34;36;43;"Mittwoch"
44;2;37;34;38;41;"Samstag"
19;17;34;23;47;26;"Samstag"
12;2;1;31;34;11;"Samstag"
34;31;15;2;7;6;"Samstag"
35;13;48;3;23;34;"Mittwoch"
34;11;26;47;3;27;"Samstag"
40;16;34;15;8;46;"Mittwoch"
34;35;28;40;20;49;"Samstag"
4;17;28;34;27;39;"Mittwoch"
1;29;15;21;12;34;"Mittwoch"
34;33;4;10;45;6;"Mittwoch"
48;45;25;34;43;29;"Mittwoch"
3;34;23;8;32;29;"Samstag"
34;19;15;31;41;44;"Samstag"
14;11;47;2;34;22;"Mittwoch"
34;27;6;15;8;33;"Mittwoch"
34;8;6;42;48;7;"Mittwoch"
48;26;32;29;40;34;"Samstag"
48;45;34;13;19;6;"Mittwoch"
20;39;45;34;38;37;"Mittwoch"
2;34;35;21;48;7;"Samstag"
34;18;22;8;48;31;"Samstag"
34;29;28;7;6;43;"Samstag"
34;35;10;25;44;26;"Samstag"
34;21;35;24;9;19;"Mittwoch"
34;12;5;21;40;32;"Samstag"
47;7;28;34;29;35;"Mittwoch"
34;26;30;24;9;18;"Mittwoch"
12;5;6;29;34;1;"Mittwoch"
16;31;12;17;34;43;"Mittwoch"
7;34;45;23;29;1;"Mittwoch"
45;19;48;43;18;34;"Mittwoch"
34;10;7;19;41;32;"Mittwoch"
43;27;34;22;35;6;"Mittwoch"
21;13;25;34;48;17;"Samstag"
38;46;36;48;6;34;"Samstag"
30;34;31;41;48;28;"Samstag"
39;6;34;30;7;33;"Samstag"
42;22;12;34;29;33;"Mittwoch"
42;49;33;27;41;34;"Samstag"
34;26;12;7;24;33;"Samstag"
42;10;34;33;8;11;"Mittwoch"
27;34;21;5;36;18;"Samstag"
1;31;39;34;14;49;"Samstag"
49;41;44;45;34;37;"Samstag"
13;36;42;43;34;7;"Mittwoch"
48;23;22;34;40;30;"Mittwoch"
9;4;21;29;34;7;"Samstag"
18;14;34;23;39;27;"Mittwoch"
2;18;49;26;34;39;"Samstag"
3;34;4;10;8;17;"Mittwoch"
23;27;11;8;34;25;"Samstag"
27;2;34;26;31;14;"Samstag"
32;34;28;14;6;40;"Mittwoch"
36;6;3;34;41;11;"Samstag"
39;11;43;15;34;31;"Mittwoch"
29;36;34;13;15;25;"Mittwoch"
34;22;46;43;42;26;"Mittwoch"
49;37;36;34;28;17;"Samstag"
6;49;29;34;22;46;"Mittwoch"
47;25;41;34;40;43;"Mittwoch"
44;46;10;34;13;23;"Mittwoch"
34;10;45;33;9;41;"Samstag"
34;21;9;18;39;36;"Mittwoch"
16;6;34;18;44;12;"Mittwoch"
21;48;4;34;22;43;"Mittwoch"
34;43;31;11;6;42;"Samstag"
28;34;10;36;29;17;"Mittwoch"
5;3;34;27;9;48;"Samstag"
41;22;23;42;5;34;"Samstag"
22;35;8;20;25;34;"Samstag"
6;34;37;2;9;46;"Samstag"
9;34;3;31;32;24;"Mittwoch"
11;34;12;9;44;21;"Mittwoch"
4;1;16;46;35;34;"Samstag"
34;24;23;32;2;10;"Mittwoch"
6;4;34;28;7;43;"Samstag"
4;35;34;47;26;14;"Mittwoch"
43;46;47;24;34;1;"Samstag"
34;7;22;10;43;2;"Mittwoch"
21;34;10;13;23;38;"Samstag"
25;16;34;45;41;47;"Mittwoch"
34;19;41;38;32;9;"Samstag"
23;42;8;34;3;5;"Samstag"
8;34;30;39;7;29;"Mittwoch"
22;12;16;34;43;29;"Mittwoch"
19;23;40;41;34;5;"Samstag"
36;16;19;34;27;11;"Samstag"
38;45;34;48;10;28;"Mittwoch"
34;37;9;28;1;27;"Samstag"
30;33;45;24;34;36;"Samstag"
38;2;13;40;43;34;"Mittwoch"
12;7;6;34;18;17;"Samstag"
17;49;46;13;11;34;"Samstag"
15;10;22;34;41;49;"Samstag"
23;19;25;20;34;30;"Mittwoch"
37;3;2;47;34;8;"Samstag"
19;25;42;37;34;30;"Mittwoch"
9;34;18;23;32;20;"Mittwoch"
40;7;34;29;28;27;"Mittwoch"
16;20;40;34;33;46;"Mittwoch"
34;24;46;49;22;25;"Samstag"
34;43;29;8;9;23;"Samstag"
33;14;34;17;18;4;"Samstag"
32;4;34;17;29;33;"Samstag"
6;8;35;29;5;34;"Mittwoch"
34;22;23;37;28;6;"Mittwoch"
15;17;6;46;34;22;"Mittwoch"
11;41;34;24;9;35;"Samstag"
34;11;40;16;42;5;"Mittwoch"
19;33;10;34;29;12;"Samstag"
23;34;29;5;41;12;"Samstag"
46;4;19;17;34;29;"Samstag"
17;46;38;34;37;22;"Samstag"
46;16;8;28;18;34;"Samstag"
37;1;29;34;4;24;"Mittwoch"
31;14;13;34;21;29;"Samstag"
34;25;29;47;31;24;"Samstag"
31;34;25;10;8;15;"Mittwoch"
7;26;8;34;6;35;"Samstag"
37;34;15;30;38;33;"Mittwoch"
34;25;10;2;5;4;"Samstag"
34;15;8;36;11;47;"Mittwoch"
45;24;13;34;8;47;"Mittwoch"
32;2;34;48;49;11;"Samstag"
49;26;34;14;38;4;"Mittwoch"
8;35;33;21;34;6;"Mittwoch"
36;31;18;34;30;13;"Samstag"
20;42;36;34;43;47;"Samstag"
44;15;34;11;48;5;"Samstag"
29;20;23;47;21;34;"Mittwoch"
15;1;37;34;12;14;"Mittwoch"
16;34;28;5;32;40;"Samstag"
41;48;6;9;8;34;"Samstag"
39;4;20;41;34;1;"Samstag"
34;20;8;22;44;46;"Samstag"
34;49;30;13;8;3;"Mittwoch"
11;45;2;34;9;17;"Mittwoch"
48;34;15;19;42;27;"Samstag"
36;13;34;3;43;10;"Mittwoch"
34;17;44;28;2;4;"Samstag"
17;39;10;34;4;42;"Samstag"
30;5;17;34;7;32;"Samstag"
34;20;11;31;30;40;"Samstag"
9;39;8;3;34;35;"Mittwoch"
34;19;17;38;31;1;"Mittwoch"
44;2;18;34;35;12;"Mittwoch"
3;12;36;34;15;26;"Mittwoch"
33;44;5;34;13;16;"Mittwoch"
7;46;34;29;30;10;"Samstag"
35;23;34;3;48;7;"Samstag"
35;41;14;40;34;2;"Samstag"
2;34;7;16;27;13;"Samstag"
34;1;7;6;13;28;"Mittwoch"
41;19;49;5;34;6;"Montag"
34;31;4;35;36;46;"Mittwoch"
21;34;37;32;6;19;"Mittwoch"
1;44;36;34;32;23;"Samstag"
48;18;26;5;34;4;"Mittwoch"
43;23;34;12;28;20;"Samstag"
34;21;11;22;35;4;"Mittwoch"
34;16;15;47;14;40;"Samstag"
45;34;12;2;40;22;"Mittwoch"
43;18;34;48;45;9;"Mittwoch"
34;6;33;31;16;15;"Samstag"
21;13;34;47;32;18;"Mittwoch"
13;10;31;34;46;48;"Samstag"
21;31;34;23;39;9;"Samstag"
40;48;33;18;34;23;"Samstag"
25;10;28;16;34;49;"Samstag"
34;38;32;19;2;17;"Mittwoch"
16;34;42;44;32;37;"Samstag"
10;34;11;6;44;2;"Samstag"
44;34;1;49;37;40;"Samstag"
18;22;34;44;30;1;"Samstag"
34;26;42;43;21;15;"Mittwoch"
41;2;30;34;10;49;"Mittwoch"
3;46;35;47;37;34;"Samstag"
20;34;25;37;7;26;"Samstag"
34;11;17;49;32;37;"Samstag"
38;34;42;33;43;44;"Mittwoch"
29;6;35;24;28;34;"Samstag"
29;32;27;38;34;20;"Mittwoch"
34;25;37;42;39;31;"Mittwoch"
15;29;37;1;44;34;"Samstag"
47;39;40;7;34;33;"Mittwoch"
23;22;21;36;49;34;"Mittwoch"
29;5;9;34;21;7;"Mittwoch"
14;5;8;3;34;33;"Samstag"
15;4;25;34;10;46;"Samstag"
28;29;32;24;48;34;"Mittwoch"
1;8;31;34;43;45;"Samstag"
13;19;21;34;42;48;"Mittwoch"
15;19;20;33;34;36;"Mittwoch"
2;32;34;39;42;49;"Samstag"
3;21;29;30;34;37;"Samstag"
4;12;19;32;34;41;"Mittwoch"
3;7;20;33;34;48;"Mittwoch"
1;3;14;34;42;46;"Samstag"
7;11;31;34;35;36;"Samstag"
13;16;34;35;39;42;"Samstag"
2;12;13;19;34;46;"Mittwoch"
1;5;17;31;34;49;"Samstag"
4;9;33;34;42;47;"Samstag"
12;15;19;27;34;47;"Samstag"
3;16;27;34;42;45;"Samstag"
8;19;34;35;40;49;"Samstag"
4;22;24;34;36;43;"Samstag"
10;15;31;34;35;45;"Mittwoch"
